,Year ,Month ,New,Used,Total Sales New,Total Sales Used,Avg_Used,Avg_New,Avg_Used_Previous,Avg_New_Previous,Change_Car_Sales_Used,Change_Car_Sales_New,Ratio_Used_New,Ratio_Used_New_prev,Ratio_Used_New_Change,Ratio_Used_New_Sales,Ratio_Used_New_Sales_Prev,Ratio_Used_New_Sales_Change
1,2002,FEB,27520,50982,664454223,361353242,7087.859283668746,24144.412172965116,7740.940352915256,24272.353243747188,-0.09214080628706683,-0.005298992987094931,1.8525436046511627,1.6050601170192247,0.13359118080167384,0.2935610621991094,0.3189200600032221,0.08638406474668237
2,2002,MAR,34225,58794,805666244,419385387,7133.1324114705585,23540.284704163623,7087.859283668746,24144.412172965116,0.006346878929235982,-0.025663558295649643,1.7178670562454346,1.8525436046511627,-0.07839753834040969,0.30301810284430863,0.2935610621991094,-0.031209490642406613
3,2002,APR,36452,59817,846368297,433061150,7239.767123058662,23218.706710194227,7133.1324114705585,23540.284704163623,0.014729025088178862,-0.013849952884249452,1.6409799187973224,1.7178670562454346,-0.0468544048390689,0.3118075099281919,0.30301810284430863,-0.02818856763875709
4,2002,MAY,37359,60577,855005784,442569410,7305.898443303564,22886.20637597366,7239.767123058662,23218.706710194227,0.009051771080327085,-0.014528416320217754,1.6214834444176771,1.6409799187973224,-0.012023850411033377,0.31922715033162613,0.3118075099281919,-0.023242510531220204
5,2002,JUN,36348,55415,830251613,414731166,7484.095750248128,22841.741306261694,7305.898443303564,22886.20637597366,0.023810131897184235,-0.0019466584931410488,1.5245680642676351,1.6214834444176771,-0.06356907403579763,0.3276499654689848,0.31922715033162613,-0.0257067481307455
6,2002,JUL,30367,55235,700530891,384673023,6964.298415859509,23068.821121612276,7484.095750248128,22841.741306261694,-0.07463742983857581,0.00984358126292981,1.8189152698653144,1.5245680642676351,0.1618256828529868,0.301892254447928,0.3276499654689848,0.08532087405872685
7,2002,AUG,38965,60310,934484212,455453720,7551.877300613497,23982.656537918643,6964.298415859509,23068.821121612276,0.07780567153895024,0.03810401132424652,1.5477993070704479,1.8189152698653144,-0.1751622200348528,0.31488910699585465,0.301892254447928,-0.041274379644062276
8,2002,SEP,39740,55485,950502055,432112270,7787.911507614671,23918.018495218923,7551.877300613497,23982.656537918643,0.030307766950149626,-0.0027024831807300853,1.396200301962758,1.5477993070704479,-0.10857969654824898,0.3256085577980229,0.31488910699585465,-0.03292128092289756
9,2002,OCT,35276,58020,865326154,456738532,7872.0877628404,24530.166515477944,7787.911507614671,23918.018495218923,0.010693002639411163,0.024954906843896486,1.6447443020750652,1.396200301962758,0.15111406666600735,0.3209145668812848,0.3256085577980229,0.014626917569854498
10,2002,NOV,27812,49066,691740703,379196575,7728.296070598785,24872.022975693944,7872.0877628404,24530.166515477944,-0.018605872617723535,0.013744618222252283,1.7642025025168993,1.6447443020750652,0.06771229508597174,0.31072245623732425,0.3209145668812848,0.03280133263421417
11,2002,DEC,26994,42461,673208880,374453368,8818.759991521632,24939.204267615027,7728.296070598785,24872.022975693944,0.12365274958964986,0.002693802544787733,1.5729791805586426,1.7642025025168993,-0.12156761152448553,0.35361031959521233,0.31072245623732425,-0.12128566668241758
12,2003,JAN,34707,49481,860730784,392438833,7931.101493502557,24799.918863629817,8818.759991521632,24939.204267615027,-0.1119212128033259,-0.00561636530954455,1.4256778171550408,1.5729791805586426,-0.1033202324053436,0.3198035258548313,0.35361031959521233,0.10571113514153994
13,2003,FEB,24585,41048,615749948,323297077,7876.073791658546,25045.75749440716,7931.101493502557,24799.918863629817,-0.006986692011734353,0.009815579777622636,1.6696359568842791,1.4256778171550408,0.14611456989971067,0.31446738208725816,0.3198035258548313,0.016968830700833902
14,2003,MAR,32705,56513,791728069,413899574,7323.971015518553,24208.16599908271,7876.073791658546,25045.75749440716,-0.07538298212406329,-0.03459954361500115,1.7279620853080568,1.6696359568842791,0.03375428715693115,0.30254134145461786,0.31446738208725816,0.03941954040165199
15,2003,APR,37682,61856,909778220,458127973,7406.362729565442,24143.5757125418,7323.971015518553,24208.16599908271,0.01112445029433814,-0.0026752576880051397,1.6415264582559312,1.7279620853080568,-0.05265564049693153,0.30676329048137135,0.30254134145461786,-0.013762888708516689
16,2003,MAY,38472,61742,917339608,469734647,7608.024472806193,23844.34414639218,7406.362729565442,24143.5757125418,0.026506453017016762,-0.012549372895831717,1.6048554793096277,1.6415264582559312,-0.022850019468468635,0.3190704020247645,0.30676329048137135,-0.03857177433348373
17,2003,JUN,38573,59904,941898387,455117890,7597.454093215812,24418.59297954528,7608.024472806193,23844.34414639218,-0.001391305490061568,0.023516868217350995,1.5530033961579344,1.6048554793096277,-0.033388261274877575,0.31113398300958495,0.3190704020247645,0.025508042992960556
18,2003,JUL,41088,62811,990041754,489374362,7791.2206779067365,24095.642377336448,7597.454093215812,24418.59297954528,0.024869862207905536,-0.013402863353939391,1.5286945093457944,1.5530033961579344,-0.015901729654633837,0.32334563054583254,0.31113398300958495,-0.03776654571033907
19,2003,AUG,39556,60829,985375378,460316726,7567.389337322658,24910.895388815858,7791.2206779067365,24095.642377336448,-0.029578409489271717,0.03272676468487884,1.537794519162706,1.5286945093457944,0.0059175720185726515,0.30377829536870676,0.32334563054583254,0.06441321014516917
20,2003,SEP,40464,58279,1012404987,446119525,7654.8932720190805,25019.89390569395,7567.389337322658,24910.895388815858,0.011431111001413334,0.004356473983819963,1.4402678924476078,1.537794519162706,-0.06771422679523904,0.30595226745853643,0.30377829536870676,-0.0071055923457873735
21,2003,OCT,38597,62417,980365678,470520906,7538.345418716055,25400.048656631345,7654.8932720190805,25019.89390569395,-0.015460667670343518,0.014966693807420977,1.6171464103427728,1.4402678924476078,0.10937693505294528,0.29678468418004283,0.30595226745853643,0.030889677827620414
22,2003,NOV,30155,50655,779674957,385164663,7603.684986674563,25855.57807992041,7538.345418716055,25400.048656631345,0.00859314504388539,0.0176182262056184,1.6798209252196983,1.6171464103427728,0.03731023583286322,0.294082962027433,0.29678468418004283,0.009186938726350987
23,2003,DEC,31668,49823,838060569,401959321,8067.746241695602,26463.956328154603,7603.684986674563,25855.57807992041,0.05752055668566826,0.022988937885562777,1.5732916508778578,1.6798209252196983,-0.06771107841473624,0.3048579033933958,0.294082962027433,-0.03534414311069561
24,2004,JAN,33361,46427,891062280,367825717,7922.668210308657,26709.699349539882,8067.746241695602,26463.956328154603,-0.018311764109744715,0.00920051619336224,1.391654926411079,1.5732916508778578,-0.1305185078712002,0.2966213923499344,0.3048579033933958,0.027767758010334296
25,2004,FEB,27780,50842,721703209,377496734,7424.899374532866,25979.2371850252,7922.668210308657,26709.699349539882,-0.06704048239133309,-0.028117152143933323,1.8301655867530597,1.391654926411079,0.23960163141300947,0.28580128514368713,0.2966213923499344,0.03785884727847685
26,2004,MAR,39340,68766,975737236,502144505,7302.2206468312825,24802.67503812913,7424.899374532866,25979.2371850252,-0.01680019457571702,-0.047436905297002806,1.74799186578546,1.8301655867530597,-0.047010356613229956,0.2944126242675673,0.28580128514368713,-0.02924921832174576
27,2004,APR,37478,64059,919596999,472014215,7368.429338578498,24536.981669245957,7302.2206468312825,24802.67503812913,0.00898545520421426,-0.010828282486602156,1.70924275575004,1.74799186578546,-0.022670337437479073,0.30029892991336843,0.2944126242675673,-0.019601487249718882
28,2004,MAY,37819,58589,916954404,431929913,7372.201488333988,24245.865940400327,7368.429338578498,24536.981669245957,0.0005116720916349737,-0.012006819206261107,1.5491948491498981,1.70924275575004,-0.10331037873509988,0.30406014396251607,0.30029892991336843,-0.012369967336499445
29,2004,JUN,42758,65073,1038212129,486125865,7470.469549582776,24281.120000935498,7372.201488333988,24245.865940400327,0.013154201432261597,0.0014519124543601442,1.521890640348005,1.5491948491498981,-0.01794097951456588,0.3076657728018706,0.30406014396251607,-0.011719304381889893
30,2004,JUL,38329,60994,958264422,474975823,7787.254861133882,25001.028516267055,7470.469549582776,24281.120000935498,0.04067997223670922,0.028795155961809527,1.5913277153069478,1.521890640348005,0.043634679576701293,0.3114773800632667,0.3076657728018706,-0.012237188012246396
31,2004,AUG,37175,61106,950681015,470372767,7697.652718227343,25573.12750504371,7787.254861133882,25001.028516267055,-0.01164019035236142,0.022371099845485153,1.6437390719569602,1.5913277153069478,0.031885447966880684,0.3010055268644462,0.3114773800632667,0.03478957116802825
32,2004,SEP,38712,60238,1004251102,478484210,7943.228692851689,25941.59697251498,7697.652718227343,25573.12750504371,0.030916392328644106,0.014203808187354925,1.5560549700351312,1.6437390719569602,-0.0563502598625095,0.306196596195196,0.3010055268644462,-0.01695338679545796
33,2004,OCT,34839,57046,913403542,452470718,7931.68176559268,26217.846149430236,7943.228692851689,25941.59697251498,-0.001455798101872804,0.01053668464376347,1.6374178363328453,1.5560549700351312,0.04968973984058591,0.30252987680168575,0.306196596195196,0.012120189358731902
34,2004,NOV,29859,54654,821585825,439882689,8048.499451092326,27515.51709702267,7931.68176559268,26217.846149430236,0.01451421922924926,0.04716142324408111,1.8304028935999197,1.6374178363328453,0.10543310324839122,0.29250765750512525,0.30252987680168575,0.03426310060407527
35,2004,DEC,31058,51883,861503861,431825791,8323.069039955284,27738.549198274195,8048.499451092326,27515.51709702267,0.03298898369638336,0.008040510686312305,1.670519672870114,1.8304028935999197,-0.09570867277193508,0.3000542306831649,0.29250765750512525,-0.02515069746178071
36,2005,JAN,33637,49534,933312807,407244081,8221.506056446078,27746.61256949193,8323.069039955284,27738.549198274195,-0.012353330741582966,0.00029060741009513685,1.4726045723459287,1.670519672870114,-0.13439799403100938,0.29630665854634175,0.3000542306831649,0.012647613641922354
37,2005,FEB,26707,51666,705851980,395540384,7655.719118956374,26429.474669562285,8221.506056446078,27746.61256949193,-0.07390382649864413,-0.04983594704008761,1.9345489946455985,1.4726045723459287,0.23878662343431428,0.28966595873254886,0.29630665854634175,0.022925371841584986
38,2005,MAR,35277,65088,920888098,504245180,7747.129732055064,26104.49012104204,7655.719118956374,26429.474669562285,0.011799287769825677,-0.012449373537400972,1.8450548516030274,1.9345489946455985,-0.04850486854893037,0.2967738383754271,0.28966595873254886,-0.02395049267747978
39,2005,APR,36609,61977,925591302,469034149,7567.874356616164,25283.16266491846,7747.129732055064,26104.49012104204,-0.023686357224229976,-0.03248515492340706,1.6929443579447676,1.8450548516030274,-0.08984967104466549,0.29932467139947383,0.2967738383754271,-0.008521960492332552
40,2005,MAY,36191,60765,904011185,471821748,7764.695926931622,24978.894890994998,7567.874356616164,25283.16266491846,0.025348265040590758,-0.0121809942053583,1.679008593296676,1.6929443579447676,-0.008299996023682728,0.31085025822062406,0.29932467139947383,-0.037077617008025844
41,2005,JUN,40674,64021,1029116197,513909527,8027.202433576483,25301.5734129911,7764.695926931622,24978.894890994998,0.03270211618768184,0.012753298647839138,1.5740030486305747,1.679008593296676,-0.0667124150473908,0.31726099806326324,0.31085025822062406,-0.020206517289467926
42,2005,JUL,38189,58605,1012715139,480607370,8200.791229417286,26518.50373144099,8027.202433576483,25301.5734129911,0.02116732288198214,0.045889856033131574,1.5346042053994606,1.5740030486305747,-0.025673618704086954,0.30924788639919476,0.31726099806326324,0.025911613357721398
43,2005,AUG,45547,69589,1207716905,557209927,8007.155254422394,26515.83869409621,8200.791229417286,26518.50373144099,-0.02418286755311074,-0.00010050737506463966,1.5278503523832525,1.5346042053994606,-0.0044204938040384445,0.30197631486592197,0.30924788639919476,0.024079939966488374
44,2005,SEP,38909,62941,1001701319,502113995,7977.53443701244,25744.720218972474,8007.155254422394,26515.83869409621,-0.0037130290873487863,-0.029952490008241045,1.6176463029119228,1.5278503523832525,0.05551024990260771,0.30987069850281096,0.30197631486592197,-0.025476379906302686
45,2005,OCT,31392,57367,804224324,472018026,8228.040964317464,25618.766692150868,7977.53443701244,25744.720218972474,0.030445464283830798,-0.00491645551618985,1.827440112130479,1.6176463029119228,0.11480201612405946,0.32117240705573813,0.30987069850281096,-0.03518891506444327
46,2005,NOV,28915,53053,763610056,438437059,8264.133206416225,26408.78630468615,8228.040964317464,25618.766692150868,0.00436733547212659,0.029915029165694565,1.8347916306415355,1.827440112130479,0.004006732093325475,0.3129312006644464,0.32117240705573813,0.026335521590027392
47,2005,DEC,29787,49229,797994610,427622069,8686.385443539377,26790.029543089266,8264.133206416225,26408.78630468615,0.048610810545738306,0.014230788278524368,1.652700842649478,1.8347916306415355,-0.11017770626905718,0.3242394872901553,0.3129312006644464,-0.03487634007880515
48,2006,JAN,32331,50745,889192843,436119403,8594.332505665583,27502.794315053663,8686.385443539377,26790.029543089266,-0.010710888578387019,0.02591608560931808,1.5695462559153754,1.652700842649478,-0.052980016626273926,0.3124894295181298,0.3242394872901553,0.037601456760135855
49,2006,FEB,25688,51372,690139661,410661975,7993.887234291054,26866.22784957957,8594.332505665583,27502.794315053663,-0.07511305248325544,-0.023693927894833055,1.9998442852693865,1.5695462559153754,0.21516576691672187,0.29754408691267575,0.3124894295181298,0.05022900223132398
50,2006,MAR,34167,66205,900277823,524850834,7927.661566346953,26349.33775280241,7993.887234291054,26866.22784957957,-0.00835374560201077,-0.019616815482286054,1.9376884127959728,1.9998442852693865,-0.032077330938737644,0.30086758311425865,0.29754408691267575,-0.011046375176686132
51,2006,APR,34099,58148,870626654,485131848,8343.053037077801,25532.322179536055,7927.661566346953,26349.33775280241,0.049788904479545495,-0.03199926616628653,1.7052699492653745,1.9376884127959728,-0.1362942351917499,0.32676436473000053,0.30086758311425865,-0.0792521596935453
52,2006,MAY,36904,63707,917436807,524859557,8238.648139136987,24860.091236722306,8343.053037077801,25532.322179536055,-0.012672576395737541,-0.027040566199562324,1.7262898330804248,1.7052699492653745,0.01217633528985228,0.3314005592613109,0.32676436473000053,-0.013989700384466478
53,2006,JUN,38718,63039,962049369,530723293,8418.967512175002,24847.599798543313,8238.648139136987,24860.091236722306,0.021418228871562736,-0.000502722125286541,1.628157446149078,1.7262898330804248,-0.06027204995650133,0.3388241753905165,0.3314005592613109,-0.02190993638706394
54,2006,JUL,36662,56611,928819275,481673874,8508.485524014768,25334.659183896132,8418.967512175002,24847.599798543313,0.01052102769489419,0.01922502220445958,1.5441328896404998,1.628157446149078,-0.054415366107602656,0.3358436938999026,0.3388241753905165,0.008874609065913391
55,2006,AUG,37151,66516,964524846,566181664,8511.961994106681,25962.284891389194,8508.485524014768,25334.659183896132,0.0004084217122116032,0.024174517386226814,1.790422868832602,1.5441328896404998,0.13755967010893305,0.32785873931033743,0.3358436938999026,0.024354862726434563
56,2006,SEP,35334,57684,914277304,496348705,8604.616618126343,25875.2845418011,8511.961994106681,25962.284891389194,0.010768013048306819,-0.0033622953767927814,1.6325352351842417,1.790422868832602,-0.09671315524809591,0.3325419128908796,0.32785873931033743,-0.014082957362667523
57,2006,OCT,33211,60068,873442790,517877328,8621.517746553905,26299.803980608835,8604.616618126343,25875.2845418011,0.0019603425898320048,0.01614154383510765,1.808677847701063,1.6325352351842417,0.09738749923913151,0.3278168062739424,0.3325419128908796,0.01441386325077133
58,2006,NOV,28138,52776,767687998,461552850,8745.50648021828,27282.96247068022,8621.517746553905,26299.803980608835,0.014177421735931348,0.036035620806499385,1.8756130499680148,1.808677847701063,0.03568710628671158,0.3205482721906276,0.3278168062739424,0.022675318240343693
59,2006,DEC,26879,50097,733181836,429705987,8577.479429905983,27277.124744224115,8745.50648021828,27282.96247068022,-0.019589327107735095,-0.0002140154620710899,1.8637970162580453,1.8756130499680148,-0.006339764259142684,0.31445687587443577,0.3205482721906276,0.019371165916639545
60,2007,JAN,31430,53277,886162633,462733911,8685.434821780505,28194.802195354758,8577.479429905983,27277.124744224115,0.012429474642282973,0.03254775276564399,1.6951002227171492,1.8637970162580453,-0.09952024740489072,0.30805092235091036,0.31445687587443577,0.020795112297142187
61,2007,FEB,24793,48360,668148095,407096172,8418.034987593051,26949.062033638525,8685.434821780505,28194.802195354758,-0.031765113186338866,-0.04622573357697076,1.9505505586254184,1.6951002227171492,0.13096319640557727,0.3123683851068894,0.30805092235091036,-0.013821702073023997
62,2007,MAR,32862,61513,872431678,514312592,8361.038999886203,26548.34392307224,8418.034987593051,26949.062033638525,-0.00681685466454879,-0.015093902343868449,1.8718580731544032,1.9505505586254184,-0.04203977139057597,0.31493636756076204,0.3123683851068894,-0.00815397241595853
63,2007,APR,33705,59128,865042222,500935964,8472.060005411988,25665.100786233495,8361.038999886203,26548.34392307224,0.013104369593093553,-0.034414169817424095,1.7542797804480048,1.8718580731544032,-0.06702368346078268,0.3301003988247074,0.31493636756076204,-0.045937633877255205
64,2007,MAY,34931,62944,887475431,526560827,8365.544404550077,25406.528040995105,8472.060005411988,25665.100786233495,-0.012732656203937666,-0.01017741364822327,1.8019524204861013,1.7542797804480048,0.026456103666286656,0.32926751703545326,0.3301003988247074,0.002529498800103124
65,2007,JUN,37333,61175,948250315,519442504,8491.091197384552,25399.788792757077,8365.544404550077,25406.528040995105,0.014785707739559596,-0.0002653269400393243,1.6386307020598398,1.8019524204861013,-0.09966963161434601,0.3342977087985017,0.32926751703545326,-0.015047042293910465
66,2007,JUL,33259,60991,851325779,521144458,8544.612451017363,25596.854355212123,8491.091197384552,25399.788792757077,0.006263742672897744,0.007698819539320395,1.8338194173005804,1.6386307020598398,0.10643835123529356,0.33381494196287753,0.3342977087985017,0.0014462109838026236
67,2007,AUG,35186,63410,929649250,541115210,8533.594228039741,26420.99840845791,8544.612451017363,25596.854355212123,-0.0012911585298276975,0.031192767226463324,1.8021372136645257,1.8338194173005804,-0.017580350372783785,0.32298530495001887,0.33381494196287753,0.033529813421494574
68,2007,SEP,30248,52541,806385930,443757477,8445.927504234787,26659.148704046547,8533.594228039741,26420.99840845791,-0.010379762762704029,0.008933154551648927,1.737007405448294,1.8021372136645257,-0.03749541194352176,0.31681159807450243,0.32298530495001887,0.019486997676343307
69,2007,OCT,32965,59348,885708713,516190017,8697.681758441733,26868.154497193995,8445.927504234787,26659.148704046547,0.028944983410389796,0.007778941168783114,1.8003336872440467,1.737007405448294,0.03517474690633195,0.32371712613719283,0.31681159807450243,-0.02133198247831907
70,2007,NOV,27160,50593,735515910,445062491,8796.918368153698,27080.85088365243,8697.681758441733,26868.154497193995,0.011280837852402694,0.007854124945048597,1.8627761413843889,1.8003336872440467,0.03352117989547351,0.3248390682385843,0.32371712613719283,-0.0034538397966572825
71,2007,DEC,24312,45269,661821527,395862246,8744.665135081403,27222.01081770319,8796.918368153698,27080.85088365243,-0.0059754412850720065,0.005185507235158398,1.8620023033892728,1.8627761413843889,-0.00041559454234161626,0.3212350914721743,0.3248390682385843,0.01121912537604017
72,2008,JAN,29072,47857,799819205,430842103,9002.697682679649,27511.667755916347,8744.665135081403,27222.01081770319,0.02866169193870376,0.010528512512690772,1.6461543753439736,1.8620023033892728,-0.13112253095958665,0.32723198617225346,0.3212350914721743,-0.01832612627581722
73,2008,FEB,22819,50937,611004312,409316017,8035.730745823272,26776.12130242342,9002.697682679649,27511.667755916347,-0.12033341676598326,-0.02747023906805931,2.232218765064201,1.6461543753439736,0.2625479181935699,0.3001080946363947,0.32723198617225346,0.09038040632899806
74,2008,MAR,27118,55978,704894267,449993794,8038.761549180035,25993.593443469283,8035.730745823272,26776.12130242342,0.00037702366691952014,-0.03010464330974379,2.0642377756471717,2.232218765064201,-0.08137676356802669,0.30925933987013715,0.3001080946363947,-0.02959084513853388
75,2008,APR,30769,58468,778075721,478875678,8190.389238557844,25287.650589879424,8038.761549180035,25993.593443469283,0.018512879542280095,-0.027916506164965355,1.9002242516818877,2.0642377756471717,-0.08631272010138577,0.32388889625973344,0.30925933987013715,-0.04516844065523177
76,2008,MAY,29035,55339,709096913,437787528,7911.01263123656,24422.142689857068,8190.389238557844,25287.650589879424,-0.03531489840101731,-0.03543947437428642,1.9059411055622524,1.9002242516818877,0.0029994913608194732,0.32392786872554546,0.32388889625973344,-0.00012031217309383866
77,2008,JUN,31463,54449,747520852,426137636,7826.362945141325,23758.72777548231,7911.01263123656,24422.142689857068,-0.01081596735144848,-0.027922998261689907,1.7305724183962115,1.9059411055622524,-0.10133565362642373,0.3294100180405155,0.32392786872554546,-0.01664232723576661
78,2008,JUL,29188,57055,732481463,444897621,7797.697327140479,25095.294744415514,7826.362945141325,23758.72777548231,-0.0036761644878256393,0.053259664114151534,1.9547416746608195,1.7305724183962115,0.11467973449919165,0.310723480499296,0.3294100180405155,0.06013880094028445
79,2008,AUG,25666,53455,663384108,411849673,7704.605238050697,25846.805423517493,7797.697327140479,25095.294744415514,-0.012082655270905768,0.02907557304618366,2.0827164341930957,1.9547416746608195,0.061446079471619154,0.29808733078635824,0.310723480499296,0.04239076407441881
80,2008,SEP,26751,51206,697999898,398834140,7788.81654493614,26092.478711076223,7704.605238050697,25846.805423517493,0.010811823131229458,0.009415482916708925,1.9141714328436321,2.0827164341930957,-0.08805115281606649,0.2985081115206505,0.29808733078635824,-0.0014096123959537307
81,2008,OCT,23216,50727,614717936,382437406,7539.129181698109,26478.201929703653,7788.81654493614,26092.478711076223,-0.033118859913445826,0.014567575987654971,2.18500172294969,1.9141714328436321,0.12394969178351255,0.2847296505145464,0.2985081115206505,0.048391381021275694
82,2008,NOV,16842,39803,447337415,295521964,7424.615330502726,26560.82502078138,7539.129181698109,26478.201929703653,-0.015423539954308976,0.0031107125254235066,2.363317895736848,2.18500172294969,0.07545162379924418,0.27953255686499395,0.2847296505145464,0.01859208711800428
83,2008,DEC,17220,42611,469069897,329674280,7736.835089530872,27239.831416957026,7424.615330502726,26560.82502078138,0.040354971434072316,0.024926967637287165,2.4745063879210223,2.363317895736848,0.04493360483000818,0.28402654080724693,0.27953255686499395,-0.015822408460421995
84,2009,JAN,17963,41254,504208132,320520578,7769.442429824987,28069.260813895227,7736.835089530872,27239.831416957026,0.004196870057102566,0.02954938508845969,2.2966096977119634,2.4745063879210223,-0.07746056736862666,0.2767954055269903,0.28402654080724693,0.026124477270456515
85,2009,FEB,14779,48308,418843100,332054088,6873.687339571085,28340.42222071859,7769.442429824987,28069.260813895227,-0.13031653114291872,0.009568008716014313,3.2686920630624536,2.2966096977119634,0.29739184560559107,0.24254004707615112,0.2767954055269903,0.14123588604765086
86,2009,MAR,17844,56948,465300148,390527459,6857.614999648802,26076.000224164985,6873.687339571085,28340.42222071859,-0.002343721530460153,-0.08683931496729826,3.191436897556602,3.2686920630624536,-0.02420701645863628,0.2629856933845919,0.24254004707615112,-0.07774432915079117
87,2009,APR,20905,55631,526701218,390447902,7018.531070805846,25194.98770629036,6857.614999648802,26076.000224164985,0.022927314780494094,-0.03496776930971329,2.661133700071753,3.191436897556602,-0.19927717178229346,0.2785685451655747,0.2629856933845919,-0.055939021298046246
88,2009,MAY,19781,51149,501252689,366133295,7158.171127490274,25340.10863960366,7018.531070805846,25194.98770629036,0.019507784069055484,0.005726926248709534,2.5857641170820482,2.661133700071753,-0.029147895777421842,0.28248383735430715,0.2785685451655747,-0.013860234360317235
89,2009,JUN,24509,56732,627433850,411152753,7247.281128816188,25600.14076461708,7158.171127490274,25340.10863960366,0.0122956457383171,0.010157449031406196,2.3147415235219717,2.5857641170820482,-0.11708546755911857,0.28309536246116773,0.28248383735430715,-0.002160138200584125
90,2009,JUL,22836,57693,602063511,431644869,7481.754614944621,26364.66592222806,7247.281128816188,25600.14076461708,0.03133937133678206,0.028998097676117673,2.526405675249606,2.3147415235219717,0.08378074582448923,0.28377961006654556,0.28309536246116773,-0.0024111936908271033
91,2009,AUG,25251,52432,651209293,388684275,7413.111744736039,25789.44568531939,7481.754614944621,26364.66592222806,-0.00925965675039552,-0.02230448238118252,2.0764326165300386,2.526405675249606,-0.21670486927311175,0.28744750217550985,0.28377961006654556,-0.012760215626172825
92,2009,SEP,26992,53361,719767451,412237339,7725.442532936039,26665.95476437463,7413.111744736039,25789.44568531939,0.040428853993597594,0.032869967972279146,1.9769190871369295,2.0764326165300386,-0.05033768455199116,0.2897118292294237,0.28744750217550985,-0.007815790815088536
93,2009,OCT,20717,50783,593186195,383952423,7560.6487013370615,28632.823043877008,7725.442532936039,26665.95476437463,-0.021796255600373918,0.06869278228305829,2.451271902302457,1.9769190871369295,0.19351293290637087,0.2640553007906732,0.2897118292294237,0.09716346675081297
94,2009,NOV,18590,42895,527527906,328315049,7653.923510898706,28376.97181280258,7560.6487013370615,28632.823043877008,0.012186535366969228,-0.00901615693042329,2.3074233458848843,2.451271902302457,-0.06234164037306623,0.26972305436218375,0.2640553007906732,-0.021013233684874066
95,2009,DEC,18761,41703,548724421,354370497,8497.482123588232,29248.143542455095,7653.923510898706,28376.97181280258,0.09927159603524019,0.029785539324503285,2.222855924524279,2.3074233458848843,-0.038044490615694725,0.290530648936871,0.26972305436218375,-0.0716192754562309
96,2010,JAN,20419,40588,582084918,316999705,7810.182935843106,28507.023752387482,8497.482123588232,29248.143542455095,-0.08800039555935603,-0.02599779606966312,1.987756501297811,2.222855924524279,-0.11827375388935771,0.27397398632991277,0.290530648936871,0.06043151332995948
97,2010,FEB,14809,38932,405189138,296703782,7621.077314291585,27361.00600985887,7810.182935843106,28507.023752387482,-0.02481350257356616,-0.041885073308915374,2.6289418596799243,1.987756501297811,0.24389484157712724,0.27853790578992293,0.27397398632991277,-0.016385272399701098
98,2010,MAR,21920,62510,604302888,457388434,7317.044216925292,27568.562408759124,7621.077314291585,27361.00600985887,-0.041551354392942476,0.007528734934481376,2.851733576642336,2.6289418596799243,0.07812501097130159,0.2654126141376349,0.27853790578992293,0.049452403364226176
99,2010,APR,25844,61229,688229510,479848337,7836.945516013654,26630.146649125523,7317.044216925292,27568.562408759124,0.06633978736052454,-0.03523885061535763,2.3691765980498376,2.851733576642336,-0.20368130387144207,0.29428848512447087,0.2654126141376349,-0.09812096784766407
100,2010,MAY,24383,52548,640624378,426753739,8121.217534444698,26273.402698601483,7836.945516013654,26630.146649125523,0.035003620728709044,-0.013578140396067893,2.1551080670959273,2.3691765980498376,-0.09933076406807483,0.30910413955924276,0.29428848512447087,-0.04793094798373716
101,2010,JUN,25850,60192,686655808,481352489,7996.951239367358,26563.08735009671,8121.217534444698,26273.402698601483,-0.015539208800674257,0.010905533971907525,2.3285106382978724,2.1551080670959273,0.07446930598036752,0.3010550367872898,0.30910413955924276,0.02673631658134344
102,2010,JUL,23136,54934,644471700,457619574,8330.352313685513,27855.796161825725,7996.951239367358,26563.08735009671,0.04002244584186764,0.04640717516093025,2.3743948824343013,2.3285106382978724,0.019324605387199528,0.29905274526317915,0.3010550367872898,0.006695446057010884
103,2010,AUG,23512,57005,659524567,460747955,8082.588457152881,28050.551505614156,8330.352313685513,27855.796161825725,-0.03065402350324628,0.00694301300099043,2.424506634909833,2.3743948824343013,0.02066884526277881,0.2881436557685933,0.29905274526317915,0.03785989827014234
104,2010,SEP,24520,54371,692681798,452201494,8316.961137371025,28249.66549755302,8082.588457152881,28050.551505614156,0.02818008601303004,0.007048366358748909,2.2174143556280588,2.424506634909833,-0.09339358643374425,0.29440919001647786,0.2881436557685933,-0.02128172102078025
105,2010,OCT,22003,50911,629304220,423489578,8318.233348392292,28600.837158569288,8316.961137371025,28249.66549755302,0.00015294245400233048,0.012278370002573594,2.313820842612371,2.2174143556280588,0.04166549337305938,0.2908388066501057,0.29440919001647786,0.012276158768136891
106,2010,NOV,20551,48275,601640805,403191833,8351.979968928017,29275.500218967445,8318.233348392292,28600.837158569288,0.004040553337205432,0.02304531281624513,2.3490341102622745,2.313820842612371,0.014990530574275763,0.28528906103940155,0.2908388066501057,0.019453061363392646
107,2010,DEC,21075,44550,626205792,398505383,8945.126442199775,29713.20483985765,8351.979968928017,29275.500218967445,0.06630945656324248,0.01473097982022674,2.113879003558719,2.3490341102622745,-0.11124340906346651,0.30104885993989694,0.28528906103940155,-0.052349638207039764
108,2011,JAN,22239,43292,649505622,374185956,8643.304906218238,29205.702684473225,8945.126442199775,29713.20483985765,-0.03491969093493367,-0.017376817153392208,1.9466702639507172,2.113879003558719,-0.0858947417569609,0.29594579523037196,0.30104885993989694,0.01724324113323734
109,2011,FEB,18863,48464,541928549,375638939,7750.885997854078,28729.711551714998,8643.304906218238,29205.702684473225,-0.11513766408269156,-0.01656790503800978,2.569262577532736,1.9466702639507172,0.2423233495191817,0.26978641897960143,0.29594579523037196,0.09696328061920878
110,2011,MAR,27667,65857,760075360,513965808,7804.269978893663,27472.272382260453,7750.885997854078,28729.711551714998,0.006840355495640278,-0.04577121076691513,2.3803448151227093,2.569262577532736,-0.07936571256811285,0.2840780649777293,0.26978641897960143,-0.050308868441666876
111,2011,APR,25793,57373,713850012,465992034,8122.148641346975,27676.11413949521,7804.269978893663,27472.272382260453,0.03913726237846768,0.0073652593065391585,2.2243631993176445,2.3803448151227093,-0.07012416670663967,0.2934714245073971,0.2840780649777293,-0.032007748439000186
112,2011,MAY,25464,54135,698611340,440018761,8128.175136233491,27435.255262331135,8122.148641346975,27676.11413949521,0.0007414327060512454,-0.00877917390820769,2.125942507068803,2.2243631993176445,-0.046295086495326404,0.2962675236119837,0.2934714245073971,-0.00943775095730241
113,2011,JUN,26984,59203,754568121,499370349,8434.88250595409,27963.538430180848,8128.175136233491,27435.255262331135,0.03636178328555239,0.018891856950390116,2.1940038541357842,2.125942507068803,0.031021525754698537,0.3016385972402685,0.2962675236119837,-0.01780632080053888
114,2011,JUL,23154,50549,662962907,447965139,8861.998041504283,28632.759220868964,8434.88250595409,27963.538430180848,0.048196302182627375,0.023372556781057787,2.183164895914313,2.1940038541357842,-0.004964791364021915,0.3095055552678005,0.3016385972402685,-0.02541782495866708
115,2011,AUG,24875,56055,733038484,492531070,8786.568013558113,29468.883778894473,8861.998041504283,28632.759220868964,-0.008584697441569587,0.028373132973035748,2.2534673366834173,2.183164895914313,0.03119745275410698,0.29816426300649457,0.3095055552678005,0.03803706100438633
116,2011,SEP,24945,50389,736524414,447044465,8871.866181110956,29525.933613950692,8786.568013558113,29468.883778894473,0.009614456058236149,0.0019321941111885405,2.0200040088194027,2.2534673366834173,-0.1155756755158436,0.30047707541139673,0.29816426300649457,-0.007697134304624035
117,2011,OCT,22996,49497,685279242,443101644,8952.090914600885,29799.932249086796,8871.866181110956,29525.933613950692,0.008961563757030503,0.009194605975807228,2.1524178117933555,2.0200040088194027,0.06151863371899343,0.3004064183694652,0.30047707541139673,0.00023520483455397853
118,2011,NOV,22177,47040,684647259,429841495,9137.7868835034,30871.95107543852,8952.090914600885,29799.932249086796,0.02032176622960591,0.034724686617057146,2.121116472020562,2.1524178117933555,-0.01475701131252638,0.2959899379593586,0.3004064183694652,0.014921049142937516
119,2011,DEC,22512,43874,710741092,415418423,9468.441970187354,31571.654761904763,9137.7868835034,30871.95107543852,0.03492180526902576,0.0221624014244108,1.9489161336176262,2.121116472020562,-0.08835697721034988,0.29990325314250676,0.2959899379593586,-0.013048591978055933
120,2012,JAN,25223,46367,775943607,419503746,9047.463627148618,30763.33532886651,9468.441970187354,31571.654761904763,-0.046529984577723116,-0.026275415991053947,1.8382825199222932,1.9489161336176262,-0.0601831396949853,0.29409891776783414,0.29990325314250676,0.019735997054075
121,2012,FEB,21783,53216,653555445,427637684,8035.885523150932,30003.00440710646,9047.463627148618,30763.33532886651,-0.12588259266304705,-0.025341826153248845,2.4430060138640224,1.8382825199222932,0.24753254413207845,0.26783602782285254,0.29409891776783414,0.09805585215127201
122,2012,MAR,28280,62426,790798381,513936240,8232.727389228847,27963.167644978785,8035.885523150932,30003.00440710646,0.0239096786242976,-0.07294727078224837,2.2074257425742574,2.4430060138640224,-0.1067217196692813,0.29441326153573877,0.26783602782285254,-0.09027186334695736
123,2012,APR,27467,56913,766243639,493881213,8677.827789784407,27896.88131212,8232.727389228847,27963.167644978785,0.05129168397182709,-0.002376119829207791,2.0720500964794115,2.2074257425742574,-0.06533415689362942,0.3110680255865828,0.29441326153573877,-0.05354058495545485
124,2012,MAY,29390,55096,822158205,489914146,8892.009329170902,27974.07978904389,8677.827789784407,27896.88131212,0.024086967462332267,0.002759643123421937,1.87465124191902,2.0720500964794115,-0.10529897516207905,0.3178660172640773,0.3110680255865828,-0.02138634301334219
125,2012,JUN,29662,53148,847168622,487154088,9165.99096861594,28560.7383858135,8892.009329170902,27974.07978904389,0.029891109470120948,0.02054073633688019,1.791787472186636,1.87465124191902,-0.04624642766994004,0.3209297618568857,0.3178660172640773,-0.009546464544396565
126,2012,JUL,26593,52146,791818346,468241971,8979.441778851686,29775.44263527996,9165.99096861594,28560.7383858135,-0.020775143306081045,0.04079550602640568,1.96089196405069,1.791787472186636,0.08623855621027096,0.30157206691571514,0.3209297618568857,0.06418928364005527
127,2012,AUG,28765,56079,851322732,514215353,9169.481499313468,29595.784182165826,8979.441778851686,29775.44263527996,0.02072524171361386,-0.00607040692040169,1.9495567529984357,1.96089196405069,-0.005814250359637276,0.3098239074482413,0.30157206691571514,-0.026633969600634144
128,2012,SEP,26671,50566,777860867,453896775,8976.323517778745,29165.043192981142,9169.481499313468,29595.784182165826,-0.02151860738443187,-0.01476908456245132,1.895916913501556,1.9495567529984357,-0.028292294411685338,0.3077767949247881,0.3098239074482413,0.006651289366872
129,2012,OCT,27300,53460,815238036,479430068,8968.014739992517,29862.199120879122,8976.323517778745,29165.043192981142,-0.0009264902018029434,0.023345766501521356,1.9582417582417582,1.895916913501556,0.03182694091671385,0.30031327243150824,0.3077767949247881,0.024852456346171146
130,2012,NOV,22996,46673,692717590,429661696,9205.786986051893,30123.39493825013,8968.014739992517,29862.199120879122,0.02582856266603121,0.008670862560691875,2.029613845886241,1.9582417582417582,0.03516535314791262,0.305602572516239,0.30031327243150824,-0.017307773429982215
131,2012,DEC,22632,41588,700168869,404654091,9730.068553428873,30937.118637327676,9205.786986051893,30123.39493825013,0.05388261804098219,0.02630250439986787,1.8375751148815835,2.029613845886241,-0.10450660190673768,0.3145111433127746,0.305602572516239,-0.028325135646072107
132,2013,JAN,27083,46843,842788566,453614704,9683.72444121854,31118.73005206218,9730.068553428873,30937.118637327676,-0.004785773541125506,0.005836080535120304,1.7296089798028282,1.8375751148815835,-0.0624222794513146,0.31118636348647577,0.3145111433127746,0.010684207974438774
133,2013,FEB,21639,47884,666540837,411525315,8594.21341157798,30802.75599611812,9683.72444121854,31118.73005206218,-0.12677262914751306,-0.010257980032172386,2.2128564166551135,1.7296089798028282,0.21838174100005428,0.279007937233313,0.31118636348647577,0.11533158006990457
134,2013,MAR,29606,60740,876674543,516055403,8496.137685215674,29611.38090251976,8594.21341157798,30802.75599611812,-0.011543566029181836,-0.04023368911839513,2.05161115990002,2.2128564166551135,-0.07859445293861198,0.28692136017515824,0.279007937233313,-0.027580459457651644
135,2013,APR,31273,60899,890714636,534686074,8779.882658171728,28481.905669427302,8496.137685215674,29611.38090251976,0.03231762701201515,-0.039655887011269896,1.947334761615451,2.05161115990002,-0.05354826521869539,0.3082617701243257,0.28692136017515824,-0.06922820802774417
136,2013,MAY,32103,59114,905273123,548815730,9284.022904895626,28199.019499735226,8779.882658171728,28481.905669427302,0.054301917594155945,-0.010031773257035831,1.8413855402921846,1.947334761615451,-0.05753777196841396,0.32923211762674226,0.3082617701243257,-0.06369471986384724
137,2013,JUN,31181,53038,893995360,487560735,9192.66818130397,28671.157435617843,9284.022904895626,28199.019499735226,-0.009937781043533458,0.01646734830788815,1.7009717456143165,1.8413855402921846,-0.08254916346488564,0.32062424413616547,0.32923211762674226,0.026847232073071565
138,2013,JUL,31348,58276,935844662,543294518,9322.783272702312,29853.40889370933,9192.66818130397,28671.157435617843,0.013956678772027989,0.03960189143895755,1.859002169197397,1.7009717456143165,0.08500819751668624,0.31228538442277515,0.32062424413616547,0.026702689684961655
139,2013,AUG,28407,56801,846084877,536010618,9436.640516892308,29784.379800753337,9322.783272702312,29853.40889370933,0.012065442567848464,-0.002317627340833413,1.999542366318161,1.859002169197397,0.0702861812223296,0.3168318622049544,0.31228538442277515,-0.014349812391148343
140,2013,SEP,28654,54525,873865855,508508353,9326.150444750114,30497.168109164515,9436.640516892308,29784.379800753337,-0.011847339671042057,0.02337227856238175,1.9028756892580443,1.999542366318161,-0.05080031113215197,0.30580381795998857,0.3168318622049544,0.03606248057507494
141,2013,OCT,27106,55433,876865110,525502076,9479.950138004438,32349.483878108167,9326.150444750114,30497.168109164515,0.01622368166661054,0.05725951535805392,2.045045377407216,1.9028756892580443,0.06951908731209663,0.29304795630510183,0.30580381795998857,0.04352823959504495
142,2013,NOV,23235,47181,743865185,460464879,9759.540471800088,32014.856251344954,9479.950138004438,32349.483878108167,0.028647899417346336,-0.01045226079218004,2.0306003873466754,2.045045377407216,-0.007113654735098136,0.3048441134696673,0.29304795630510183,-0.03869570263405855
143,2013,DEC,23574,44021,760977262,450091642,10224.475636627973,32280.362348349878,9759.540471800088,32014.856251344954,0.045472763724166865,0.008225003614883392,1.867353864426911,2.0306003873466754,-0.0874213109949916,0.3167398037943844,0.3048441134696673,-0.03755666380484133
144,2014,JAN,26792,44887,866726180,460264339,10253.84496624858,32350.18587638101,10224.475636627973,32280.362348349878,0.0028642260261666874,0.0021583655901683523,1.6753881755747984,1.867353864426911,-0.11457982791734359,0.3169640200965569,0.3167398037943844,-0.0007073872362680327
145,2014,FEB,20202,46154,629593928,420312854,9106.748147506176,31164.930600930602,10253.84496624858,32350.18587638101,-0.12596118835860518,-0.03803169949670975,2.284625284625285,1.6753881755747984,0.26666828610820137,0.2922114046753001,0.3169640200965569,0.08470790333717958
146,2014,MAR,25318,58015,778419410,530709741,9147.802137378265,30745.69120783632,9106.748147506176,31164.930600930602,0.004487852847662812,-0.013635712082720323,2.2914527213839957,2.284625284625285,0.002979523293235238,0.2975311914616093,0.2922114046753001,-0.017879761648437437
147,2014,APR,29820,61277,901354171,565840381,9234.139742480866,30226.498021462106,9147.802137378265,30745.69120783632,0.009349826568620354,-0.01717675616955575,2.054896042924212,2.2914527213839957,-0.11511856245688837,0.3054981670693122,0.2975311914616093,-0.026078636360182688
148,2014,MAY,31504,56649,930989023,533756933,9422.17749651362,29551.454513712546,9234.139742480866,30226.498021462106,0.019956931834741072,-0.022842987557053235,1.7981526155408838,2.054896042924212,-0.1427817779004814,0.31883972046592546,0.3054981670693122,-0.04184407569143841
149,2014,JUN,32620,58619,964450549,567571137,9682.37494668964,29566.23387492336,9422.17749651362,29551.454513712546,0.02687330862610126,0.0004998729724366254,1.797026364193746,1.7981526155408838,-0.0006267305642135273,0.3274808346456922,0.31883972046592546,-0.02638662561464322
150,2014,JUL,33299,60001,1024912743,597775943,9962.766337227713,30779.084747289708,9682.37494668964,29566.23387492336,0.02814392921073921,0.039405033720931106,1.8018859425207965,1.797026364193746,0.002696940029540372,0.32368624405262725,0.3274808346456922,0.011723051760111316
151,2014,AUG,30982,56517,967003330,544939982,9642.05428455155,31211.778774772447,9962.766337227713,30779.084747289708,-0.033261797041529415,0.013863164627851107,1.8241882383319348,1.8018859425207965,0.012225874140890115,0.3089235751070021,0.32368624405262725,0.04778744691308137
152,2014,SEP,32431,59261,1015189704,568777644,9597.840805926326,31303.065092041565,9642.05428455155,31211.778774772447,-0.004606606789927613,0.002916210185830211,1.8272948721901885,1.8241882383319348,0.0017001272785985091,0.306610256142823,0.3089235751070021,0.007544819254518038
153,2014,OCT,29250,59014,923842238,583891303,9894.115006608601,31584.350017094017,9597.840805926326,31303.065092041565,0.029944487251703088,0.008905832315694825,2.0175726495726494,1.8272948721901885,0.09431024821969332,0.3132600481331333,0.306610256142823,-0.02122770532003551
154,2014,NOV,22582,46000,723803223,456675447,9927.727108695652,32052.21959968116,9894.115006608601,31584.350017094017,0.0033856794933061593,0.014597103989384803,2.0370206359047027,2.0175726495726494,0.009547270159791933,0.3097360255448396,0.3132600481331333,0.011377503091849884
155,2014,DEC,26419,50072,850948572,514628809,10277.776182297492,32209.719217230024,9927.727108695652,32052.21959968116,0.03405883407003617,0.0048898165329119515,1.8953026231121541,2.0370206359047027,-0.07477329006163806,0.3190892821195279,0.3097360255448396,-0.02931234954856517
156,2015,JAN,28889,48465,974532500,512446033,10573.527968637161,33733.687562740146,10277.776182297492,32209.719217230024,0.027970965529851396,0.04517645284630519,1.677628162968604,1.8953026231121541,-0.1297513149507277,0.3134412135931423,0.3190892821195279,0.018019546509659062
157,2015,FEB,22430,51038,709556549,484053250,9484.173556957561,31634.264333481944,10573.527968637161,33733.687562740146,-0.11486023585897509,-0.06636548291834801,2.2754346856888095,1.677628162968604,0.26272189945950486,0.29980698956603963,0.3134412135931423,0.04547667166411882
158,2015,MAR,27428,61346,834375096,575005263,9373.150050533042,30420.55913664868,9484.173556957561,31634.264333481944,-0.011844844670784409,-0.03989753085672484,2.2366195129065187,2.2754346856888095,-0.01735439244730986,0.30811892734873797,0.29980698956603963,-0.026976394648066032
159,2015,APR,32240,64350,988046475,632625988,9831.017684537685,30646.602822580644,9373.150050533042,30420.55913664868,0.046573777883115876,0.007375815428567265,1.9959677419354838,2.2366195129065187,-0.12056896808245793,0.3207865400759564,0.30811892734873797,-0.03948922770955099
160,2015,MAY,29626,57563,898866880,558692764,9705.761756683982,30340.473908053737,9831.017684537685,30646.602822580644,-0.012905316552556416,-0.010089786845605169,1.9429892661851076,1.9959677419354838,-0.027266478859347926,0.3198948634123883,0.3207865400759564,0.002787405380806643
161,2015,JUN,34695,54124,1051510311,581809219,10749.560620057646,30307.257846952012,9705.761756683982,30340.473908053737,0.09710153747363737,-0.0010959771177406227,1.5599942354806169,1.9429892661851076,-0.24551054227869898,0.3546860185880764,0.3198948634123883,-0.0980900101847366
162,2015,JUL,34179,62920,1062988492,650454487,10337.801764144946,31100.631732935428,10749.560620057646,30307.257846952012,-0.03983040740255063,0.025509896158901375,1.840896456888733,1.5599942354806169,0.15258990822485693,0.3323984494243331,0.3546860185880764,0.06705076152533866
163,2015,AUG,30125,61268,958163037,618794306,10099.796076255141,31806.241892116184,10337.801764144946,31100.631732935428,-0.023565395389453642,0.022184644183180162,2.0337925311203318,1.840896456888733,0.09484550232138989,0.3175413213077078,0.3323984494243331,0.046788015038295695
164,2015,SEP,32154,62182,1035533325,632452008,10170.982084847705,32205.42778503452,10099.796076255141,31806.241892116184,0.006998931666452697,0.012394988061727697,1.933880699135411,2.0337925311203318,-0.05166390668751639,0.31581577343847733,0.3175413213077078,0.0054637798816803106
165,2015,OCT,30552,62954,991747766,653329361,10377.884820662706,32460.976891856506,10170.982084847705,32205.42778503452,0.019936888816018794,0.007872502040630053,2.0605525006546217,1.933880699135411,0.06147467801910803,0.3197034043441314,0.31581577343847733,-0.012160117323834952
166,2015,NOV,25828,54354,858213639,568019044,10450.363248334988,33228.03310360849,10377.884820662706,32460.976891856506,0.006935493623518762,0.02308461079716101,2.104460275669816,2.0605525006546217,0.020864150073452454,0.3145044190773995,0.3197034043441314,0.016530722468012234
167,2015,DEC,29062,56592,969641175,621925235,10989.631661718971,33364.57143348703,10450.363248334988,33228.03310360849,0.049070654047711,0.004092314812157267,1.9472851145826164,2.104460275669816,-0.08071502211471922,0.3293802734324651,0.3145044190773995,-0.04516316110872286
168,2016,JAN,25835,45285,878106665,518918140,11458.94092966766,33989.03290110316,10989.631661718971,33364.57143348703,0.040955728005685796,0.01837243999948764,1.752854654538417,1.9472851145826164,-0.11092218030787003,0.3371364217101848,0.3293802734324651,-0.023005963693792705
169,2016,FEB,24257,58184,813473347,581005001,9985.648992850269,33535.61227686853,11458.94092966766,33989.03290110316,-0.14754092977554786,-0.013520570922970055,2.3986478130024325,1.752854654538417,0.2692321711271419,0.2977625370429856,0.3371364217101848,0.13223249995856637
170,2016,MAR,30675,73163,988609546,723865536,9893.874444732994,32228.510057049716,9985.648992850269,33535.61227686853,-0.009275895770653459,-0.04055732696004348,2.3851018744906276,2.3986478130024325,-0.005679396195476046,0.30699136966677093,0.2977625370429856,-0.03006218915470789
171,2016,APR,29787,66793,943502901,693293383,10379.731154462293,31674.98912277168,9893.874444732994,32228.510057049716,0.04680821713965374,-0.017475015765044125,2.2423540470675127,2.3851018744906276,-0.06365980769620054,0.3276948608957889,0.30699136966677093,-0.06317917581137154
172,2016,MAY,31525,65659,1018042636,712783380,10855.836671286495,32293.184329896907,10379.731154462293,31674.98912277168,0.04385710021628208,0.019143209935878154,2.082759714512292,2.2423540470675127,-0.07662637770607746,0.3361649492470832,0.3276948608957889,-0.025196226942353513
173,2016,JUN,34366,68750,1094447550,751886189,10936.526385454545,31846.812256299832,10855.836671286495,32293.184329896907,0.0073780020569753895,-0.014016224606868613,2.000523773497061,2.082759714512292,-0.0411072050753371,0.3434103952834751,0.3361649492470832,-0.02109850527503989
174,2016,JUL,29636,62545,960502273,691521741,11056.387257174834,32409.983567283034,10936.526385454545,31846.812256299832,0.01084087133819487,0.017376476288982364,2.1104400053988392,2.000523773497061,0.0520821400374307,0.3411414027477615,0.3434103952834751,0.006651179005062875
175,2016,AUG,29945,70887,994401467,780694327,11013.222833523778,33207.59615962598,11056.387257174834,32409.983567283034,-0.003919327185468893,0.024018980130597018,2.367239939889798,2.1104400053988392,0.10848073748828081,0.3316476983333629,0.3411414027477615,0.028625871556195198
176,2016,SEP,28544,66056,976643490,742588270,11241.798928182148,34215.36890414798,11013.222833523778,33207.59615962598,0.020332697295034462,0.02945380327025575,2.314181614349776,2.367239939889798,-0.02292746827259281,0.3285599217028839,0.3316476983333629,0.009397910172596337
177,2016,OCT,27082,61678,907244735,685808210,11119.170692953727,33499.91636511336,11241.798928182148,34215.36890414798,-0.011028541481617119,-0.021356845528715796,2.277453659257071,2.314181614349776,-0.01612676286229504,0.33191637172363736,0.3285599217028839,-0.010112336439819056
178,2016,NOV,25381,58037,857844856,641353419,11050.767941140995,33798.70202119696,11119.170692953727,33499.91636511336,-0.006189864105106596,0.00884015178737386,2.286631732398251,2.277453659257071,0.004013795930118401,0.3269583528447475,0.33191637172363736,0.015164068560267422
179,2016,DEC,26205,56234,926735097,655654762,11659.401109648967,35364.81957641672,11050.767941140995,33798.70202119696,0.05220106614260701,0.044284618838099116,2.145926349933219,2.286631732398251,-0.06556859813451214,0.32968925755312267,0.3269583528447475,-0.008283268701695993
180,2017,JAN,28827,56583,1000285431,674078790,11913.097396744606,34699.6021438235,11659.401109648967,35364.81957641672,0.021295577350434906,-0.019170751002735322,1.9628473306275367,2.145926349933219,-0.09327216459934796,0.34332086423835634,0.32968925755312267,-0.03970515079377667
181,2017,FEB,22413,55989,776222008,592255229,10578.064066155852,34632.668897514835,11913.097396744606,34699.6021438235,-0.12620771837260344,-0.0019326620915855598,2.498059162093428,1.9628473306275367,0.2142510632203651,0.3054360060282536,0.34332086423835634,0.1240353378854695
182,2017,MAR,27838,72717,926703144,744746293,10241.708170029016,33289.14232344278,10578.064066155852,34632.668897514835,-0.03284177703004034,-0.040359302772601705,2.612148861268769,2.498059162093428,0.043676568692921115,0.30765911811481644,0.3054360060282536,-0.007225893710496784
183,2017,APR,26135,62740,867722291,654981615,10439.617708001275,33201.54164912952,10241.708170029016,33289.14232344278,0.018957546483773437,-0.0026384520104221413,2.4006122058542183,2.612148861268769,-0.08811779549345371,0.3144317158018167,0.30765911811481644,-0.021539168431943374
184,2017,MAY,28931,68296,937804113,718689038,10523.149789153098,32415.19867961702,10439.617708001275,33201.54164912952,0.00793793520243579,-0.0242584652120907,2.360651204590232,2.4006122058542183,-0.016927956652928188,0.32463628846335446,0.3144317158018167,-0.03143386313908541
185,2017,JUN,31835,67827,1019153457,720739448,10626.143689091365,32013.615737395947,10523.149789153098,32415.19867961702,0.009692500210024317,-0.01254412952023954,2.130579550808858,2.360651204590232,-0.1079854792063639,0.3319257585977296,0.32463628846335446,-0.021961146267076733
186,2017,JUL,28331,62372,906844054,657619227,10543.500721477587,32008.896756203452,10626.143689091365,32013.615737395947,-0.007838285385178594,-0.00014742717402717046,2.2015460096713846,2.130579550808858,0.03223482886606552,0.32939281855861574,0.3319257585977296,0.0076897245367938205
187,2017,AUG,29644,69737,999821400,751224882,10772.256936776746,33727.61435703684,10543.500721477587,32008.896756203452,0.021235681310030792,0.05095876579467578,2.3524827958440158,2.2015460096713846,0.06416063336968149,0.31938982765702945,0.32939281855861574,0.03131906540344739
188,2017,SEP,28175,59925,955788877,643188965,10733.232624113476,33923.296433007985,10772.256936776746,33727.61435703684,-0.003635839642159405,0.005768368541588604,2.126885536823425,2.3524827958440158,-0.1060692995061351,0.3163971003027243,0.31938982765702945,0.009458769854217279
189,2017,OCT,27886,63917,967866431,696489631,10896.782248853982,34707.969267732915,10733.232624113476,33923.296433007985,0.015008983478375629,0.022607857828617465,2.2920820483396684,2.126885536823425,0.0720726867678703,0.3139562031070609,0.3163971003027243,0.00777464235937078
190,2017,NOV,24970,57147,861135057,641563065,11226.539713370781,34486.78642370845,10896.782248853982,34707.969267732915,0.02937302792632163,-0.006413553333354627,2.2886263516219465,2.2920820483396684,-0.0015099436023153791,0.3255316275468604,0.3139562031070609,-0.03555852476464269
191,2017,DEC,24944,51261,868882914,578032505,11276.262753360254,34833.343248877485,11226.539713370781,34486.78642370845,0.0044095318703579614,0.00994899693356889,2.055043296985247,2.2886263516219465,-0.11366332523473657,0.32372036966975987,0.3255316275468604,0.005595131004416715
192,2018,JAN,28607,55276,1020767142,652390067,11802.410937839208,35682.4253504387,11276.262753360254,34833.343248877485,0.04457972080874534,0.023795526599505023,1.9322543433425385,2.055043296985247,-0.0635469932132745,0.3307625763082862,0.32372036966975987,-0.0212908204946459
193,2018,FEB,21448,54539,738782711,584178507,10711.206787803223,34445.29611152555,11802.410937839208,35682.4253504387,-0.10187499612821696,-0.035915767276542575,2.5428478179783665,1.9322543433425385,0.24012190989914073,0.31096283083538956,0.3307625763082862,0.06367238624534449
194,2018,MAR,26914,67288,894044008,707459045,10513.896162763049,33218.54826484358,10711.206787803223,34445.29611152555,-0.018766651485391986,-0.036929604415623624,2.5001114661514454,2.5428478179783665,-0.01709377857968364,0.3165067924985239,0.31096283083538956,-0.017516090632273624
195,2018,APR,26729,66047,912292887,700677043,10608.76410737808,34131.20157880953,10513.896162763049,33218.54826484358,0.00894241248601739,0.026739560043282366,2.4709865688952073,2.5001114661514454,-0.01178674850881931,0.31082304802197663,0.3165067924985239,0.01828611009613877
196,2018,MAY,30967,67515,974812847,727531733,10775.85326223802,31479.08570413666,10608.76410737808,34131.20157880953,0.015505886243409983,-0.08425009225488257,2.1802241095359576,2.4709865688952073,-0.13336356482230446,0.3423178602935716,0.31082304802197663,-0.09200458382330685
197,2018,JUN,31779,64600,1051832066,729899558,11298.754767801858,33098.337455552406,10775.85326223802,31479.08570413666,0.0462795694136095,0.04892244976323145,2.032788948676799,2.1802241095359576,-0.07252851357497218,0.34136925405920765,0.3423178602935716,0.0027788273931647275
198,2018,JUL,30342,67117,1022752575,759245612,11312.269797517767,33707.487146529566,11298.754767801858,33098.337455552406,0.0011947230713039107,0.018071643499532594,2.2120163469777867,2.032788948676799,0.0810244456583067,0.3356011009762396,0.34136925405920765,0.01718752729412666
199,2018,AUG,30188,69867,1064196448,785536949,11243.318719853436,35252.30051676163,11312.269797517767,33707.487146529566,-0.006132626796621651,0.04382163284627456,2.3143964489201005,2.2120163469777867,0.044236199027217,0.31893858145534376,0.3356011009762396,0.052243662227577876
200,2018,SEP,27180,58483,936629687,672015932,11490.791033291725,34460.253384841795,11243.318719853436,35252.30051676163,0.021536577657821774,-0.02298436761548117,2.151692420897719,2.3143964489201005,-0.07561676866180478,0.33345056709148396,0.31893858145534376,-0.043520650640125495
201,2018,OCT,28879,66603,1009595823,769511706,11553.709382460249,34959.514630007965,11490.791033291725,34460.253384841795,0.005445727176073875,0.01428112633856828,2.3062779182104642,2.151692420897719,0.06702813051806628,0.3304882663486114,0.33345056709148396,0.00896340670608809
202,2018,NOV,24846,57480,877595733,678286668,11800.394363256784,35321.409200676164,11553.709382460249,34959.514630007965,0.02090480819561805,0.010245756861288282,2.31345085728085,2.3062779182104642,0.003100536606520553,0.3340861712570315,0.3304882663486114,-0.010769391905335792
203,2018,DEC,26350,53781,953848511,637432990,11852.382625834403,36199.184478178366,11800.394363256784,35321.409200676164,0.004386313218095173,0.024248482117914652,2.041024667931689,2.31345085728085,-0.13347520665942236,0.32742126091208684,0.3340861712570315,0.020355765310958812
204,2019,JAN,31090,58907,1132044244,728500177,12366.954300847097,36411.84445159215,11852.382625834403,36199.184478178366,0.041608601640700446,0.005840406511032608,1.8947249919588292,2.041024667931689,-0.07721420079101306,0.33964097362022916,0.32742126091208684,-0.0359783231625223
205,2019,FEB,21694,52578,763740318,611220842,11625.030278823842,35205.14049967733,12366.954300847097,36411.84445159215,-0.06382125501855629,-0.034276356656661656,2.4236194339448693,1.8947249919588292,0.2182250375526866,0.33020831940524115,0.33964097362022916,0.02856576791274598
206,2019,MAR,26485,67022,912994576,726850233,10844.949911969205,34472.13804040023,11625.030278823842,35205.14049967733,-0.07193028766261884,-0.021263620446693658,2.5305644704549746,2.4236194339448693,0.04226133645624029,0.31460044338588095,0.33020831940524115,0.04961174196508037
207,2019,APR,30044,70469,1031766223,789665397,11205.85501426159,34341.83940221009,10844.949911969205,34472.13804040023,0.032206833109393644,-0.003794165963683066,2.3455265610438025,2.5305644704549746,-0.07888970966452273,0.326303285127483,0.31460044338588095,-0.03586492160822073
208,2019,MAY,29396,69242,998392416,803918059,11610.266297911672,33963.54660498027,11205.85501426159,34341.83940221009,0.03483221428976385,-0.011138200660538467,2.355490542931011,2.3455265610438025,0.00423010906034455,0.34184493253743975,0.326303285127483,-0.04546402748929024
209,2019,JUN,29142,63122,1023455424,745753203,11814.473606666455,35119.601400041174,11610.266297911672,33963.54660498027,0.017284503360315343,0.03291765136775009,2.166014686706472,2.355490542931011,-0.08747671813465224,0.3364068251256577,0.34184493253743975,0.01616527075439308
210,2019,JUL,30821,68577,1101287239,825296531,12034.596599442963,35731.71665422926,11814.473606666455,35119.601400041174,0.018290849299152725,0.017130866118508652,2.225008922487914,2.166014686706472,0.02651415694795381,0.3368043219389665,0.3364068251256577,-0.0011802010467691763
211,2019,AUG,28399,67159,1012102960,793732403,11818.704909245223,35638.68305222015,12034.596599442963,35731.71665422926,-0.018266949877804042,-0.0026104668871404055,2.3648367900278178,2.225008922487914,0.05912791450536383,0.3316257475599667,0.3368043219389665,0.015615718674145903
212,2019,SEP,29591,62846,1068228890,744093843,11839.955494383095,36099.790138893586,11818.704909245223,35638.68305222015,0.0017948196805260988,0.012773123746684737,2.1238214321922206,2.3648367900278178,-0.11348193128780121,0.3279785131389679,0.3316257475599667,0.011120345616828318
213,2019,OCT,28967,66581,1055208739,819198662,12303.79030053619,36427.96074843788,11839.955494383095,36099.790138893586,0.03769852986952164,0.009008755988581273,2.2985120999758344,2.1238214321922206,0.07600163070076958,0.33775676836545965,0.3279785131389679,-0.028950582615450235
214,2019,NOV,23573,55334,868580552,685903924,12395.704702352983,36846.415475331945,12303.79030053619,36427.96074843788,0.007415020285159433,0.011356728232471199,2.3473465405336613,2.2985120999758344,0.020804103575914525,0.3364154841778761,0.33775676836545965,0.003986987076000248
215,2019,DEC,24839,55489,920768845,695161427,12527.914127124295,37069.481259309956,12395.704702352983,36846.415475331945,0.010553187340665461,0.006017504869237626,2.233946616208382,2.3473465405336613,-0.05076214601660889,0.33795763257350475,0.3364154841778761,-0.004563141195792491
216,2020,JAN,27704,57577,1045539743,727641906,12637.718290289526,37739.66730436038,12527.914127124295,37069.481259309956,0.008688606649002527,0.01775813336258511,2.0782919434016747,2.233946616208382,-0.0748954800603891,0.33486565179204386,0.33795763257350475,0.009233496373587615
217,2020,FEB,22344,55032,802833375,660514435,12002.370166448613,35930.60217508056,12637.718290289526,37739.66730436038,-0.052935221546237865,-0.05034886753260391,2.4629430719656282,2.0782919434016747,0.15617540370389915,0.3340431119958457,0.33486565179204386,0.002462376162417034
218,2020,MAR,23873,58963,853033479,734371921,12454.792344351543,35732.14422150546,12002.370166448613,35930.60217508056,0.03632514821558718,-0.0055540454651936055,2.469861349641855,2.4629430719656282,0.002801079371208368,0.3485598923799149,0.3340431119958457,-0.041647879464704954
219,2020,APR,13700,29420,495796657,372792902,12671.410673011556,36189.537007299274,12454.792344351543,35732.14422150546,0.01709504444689668,0.012638812861893107,2.1474452554744525,2.469861349641855,-0.15013937763743754,0.3501401709133717,0.3485598923799149,-0.004513274010618298
220,2020,MAY,14835,37572,518292774,403317249,10734.516368572342,34937.16036400404,12671.410673011556,36189.537007299274,-0.18043610330782098,-0.0358465493545252,2.532659251769464,2.1474452554744525,0.1520986275693734,0.3072521137016097,0.3501401709133717,0.13958588175381292
221,2020,JUN,23704,63395,821297823,699671992,11036.706238662355,34648.06880695241,10734.516368572342,34937.16036400404,0.02738043973947776,-0.008343655707403277,2.6744431319608504,2.532659251769464,0.053014355959564934,0.31853741402313746,0.3072521137016097,-0.035428492304856916
222,2020,JUL,26190,61905,995093228,746109876,12052.497795008481,37995.159526536845,11036.706238662355,34648.06880695241,0.08428058429239578,0.08809255603326879,2.36368843069874,2.6744431319608504,-0.13147024676608787,0.31721140127311986,0.31853741402313746,0.004180217812776189
223,2020,AUG,27372,59328,1033767509,696083170,11732.79345334412,37767.33556188806,12052.497795008481,37995.159526536845,-0.02724878290371998,-0.006032301756512795,2.167470407715914,2.36368843069874,-0.09052858220546638,0.31065981432865414,0.31721140127311986,0.021089264340880123
224,2020,SEP,27733,54035,1063945651,649440784,12018.891163135006,38363.88602026467,11732.79345334412,37767.33556188806,0.023804002042086856,0.015549792272385997,1.948400822125266,2.167470407715914,-0.11243558466152392,0.3132865934589201,0.31065981432865414,-0.008384588377256641
225,2020,OCT,24777,49328,937336920,596988709,12102.430850632501,37830.92868386003,12018.891163135006,38363.88602026467,0.006902719670827936,-0.014087873466136061,1.9908786374460186,1.948400822125266,0.021336215338191012,0.3199083731665253,0.3132865934589201,-0.020698988407403408
226,2020,NOV,25187,46598,966657333,613844483,13173.193763680845,38379.21677849684,12102.430850632501,37830.92868386003,0.08128347098336097,0.014286067842426767,1.8500813911938698,1.9908786374460186,-0.07610327141407078,0.34323769137106364,0.3199083731665253,-0.06796840437700566
227,2020,DEC,28061,44427,1256023978,620534357,13967.505278321742,44760.4852998824,13173.193763680845,38379.21677849684,0.05686853155328368,0.14256477512772464,1.583229393107872,1.8500813911938698,-0.16854916871027043,0.31204990707190655,0.34323769137106364,0.09994486007640564
228,2021,JAN,21674,47934,834312337,622526750,12987.16464305086,38493.69461105472,13967.505278321742,44760.4852998824,-0.0754853474345872,-0.16280044698614002,2.211589923410538,1.583229393107872,0.2841216283594104,0.33738420731693475,0.31204990707190655,-0.07509035602614753
229,2021,FEB,20579,42306,797908033,556318165,13149.864440032146,38772.92545799116,12987.16464305086,38493.69461105472,0.012372735682808896,0.007201696638520895,2.0557850235677146,2.211589923410538,-0.07578851779571358,0.33915069045485036,0.33738420731693475,-0.005208549437261938
230,2021,MAR,34794,66410,1267127282,848644184,12778.86137629875,36417.98246824165,13149.864440032146,38772.92545799116,-0.02903256032039792,-0.06466429028030693,1.908662413059723,2.0557850235677146,-0.07708152552349139,0.3508942700887555,0.33915069045485036,-0.033467573098115065
231,2021,APR,32730,63931,1213808079,863507284,13506.863399602697,37085.48973418882,12778.86137629875,36417.98246824165,0.05389867371616129,0.017999149282685624,1.953284448518179,1.908662413059723,0.022844617174066863,0.36420884546526094,0.3508942700887555,-0.03655752885270165
232,2021,MAY,33788,60551,1295819889,842208559,13909.077620518241,38351.482449390314,13506.863399602697,37085.48973418882,0.028917389915360782,0.033010268035196105,1.7920859476737303,1.953284448518179,-0.08995020638027836,0.36267379335004973,0.36420884546526094,0.004232597290892731
233,2021,JUN,28039,55978,1120989909,839454924,14996.157847725892,39979.66792681622,13909.077620518241,38351.482449390314,0.072490583137767,0.040725337699311026,1.9964335389992511,1.7920859476737303,0.10235632057551677,0.3750946074683945,0.36267379335004973,-0.03311381681057987
234,2021,JUL,25779,57859,1048930976,862659646,14909.688138405434,40689.3586252376,14996.157847725892,39979.66792681622,-0.005799565257017206,0.017441678178264336,2.2444237557702005,1.9964335389992511,0.11049170912283834,0.3664272095249418,0.3750946074683945,0.023653805498477204
235,2021,AUG,23233,57280,994080847,855687944,14938.686173184358,42787.45091034305,14909.688138405434,40689.3586252376,0.001941136887323935,0.04903522505937075,2.4654586149012183,2.2444237557702005,0.08965263411646189,0.3491370917254904,0.3664272095249418,0.04952243175882834
236,2021,SEP,20975,54004,902795955,832349702,15412.741685801051,43041.52348033373,14938.686173184358,42787.45091034305,0.03075737738817846,0.005902964148254945,2.574684147794994,2.4654586149012183,0.04242288631299431,0.3580900590761697,0.3491370917254904,-0.025001999144508232
237,2021,OCT,20843,52045,905018365,821046399,15775.701777308099,43420.73429928513,15412.741685801051,43041.52348033373,0.023007540116480433,0.008733404099931286,2.4970013913544116,2.574684147794994,-0.03111041776330213,0.3633218560646918,0.3580900590761697,-0.01439989612843592
238,2021,NOV,20511,47276,909588132,844991836,17873.58989762247,44346.35717419921,15775.701777308099,43420.73429928513,0.11737362960271519,0.02087257970881559,2.304909560723514,2.4970013913544116,-0.08334028974681311,0.4030452789484444,0.3633218560646918,-0.09855821407309874
239,2021,DEC,22677,42812,1028505727,743190343,17359.39323086985,45354.576310799486,17873.58989762247,44346.35717419921,-0.029620658966249807,0.02222971127965766,1.8879040437447634,2.304909560723514,-0.2208827924069684,0.38274843781831036,0.4030452789484444,0.05302919391605428
240,2022,JAN,19160,40497,847214025,694097721,17139.484924809247,44217.85099164927,17359.39323086985,45354.576310799486,-0.012830508444409982,-0.025707384996274292,2.1136221294363255,1.8879040437447634,0.10679207155716056,0.38761460678055365,0.38274843781831036,-0.012554142380393445
241,2022,FEB,21769,46442,938361276,809993384,17440.966883424488,43105.39188754651,17139.484924809247,44217.85099164927,0.017285851216297107,-0.025807887491313075,2.133400707427994,2.1136221294363255,0.009270915643181365,0.40461218700724355,0.38761460678055365,-0.042009560691718864
242,2022,MAR,26148,57453,1121118314,934785809,16270.443823647154,42875.8724950283,17440.966883424488,43105.39188754651,-0.07194167980077577,-0.0053531130484825535,2.19722349701698,2.133400707427994,0.029047017600000214,0.37947784795595246,0.40461218700724355,0.0662340086165149
243,2022,APR,23756,51670,980797747,879511928,17021.71333462357,41286.31701464893,16270.443823647154,42875.8724950283,0.04413595131156821,-0.038500781743631335,2.1750294662401077,2.19722349701698,-0.010204013840437032,0.41228461547161116,0.37947784795595246,-0.07957310625847906
244,2022,MAY,23162,51373,990610106,899660891,17512.329258559945,42768.76375097142,17021.71333462357,41286.31701464893,0.02801545794923668,0.03466190290077812,2.217986356963993,2.1750294662401077,0.019367518014260923,0.4094654070556852,0.41228461547161116,0.006885095461904502
245,2022,JUN,22954,47829,1009601998,815244816,17044.989776077276,43983.706456391046,17512.329258559945,42768.76375097142,-0.027417997230985813,0.027622563064898104,2.0836891173651653,2.217986356963993,-0.06445166818774148,0.3875296365252219,0.4094654070556852,0.05660411091949001
246,2022,JUL,22001,49295,975230778,832744192,16893.07621462623,44326.65687923276,17044.989776077276,43983.706456391046,-0.008992652345907046,0.007736888973514883,2.240579973637562,2.0836891173651653,0.07002243085199311,0.3811042249509395,0.3875296365252219,0.01685998515264309
247,2022,AUG,22594,49861,1040810389,827552546,16597.191111289383,46065.78689032487,16893.07621462623,44326.65687923276,-0.017827420396189068,0.0377531814496666,2.206824820748871,2.240579973637562,-0.015295800813603417,0.3602932291334693,0.3811042249509395,0.057761273692325886
248,2022,SEP,22941,48298,1096319386,838767438,17366.50457575883,47788.648533193846,16597.191111289383,46065.78689032487,0.044298693563430115,0.0360516921015727,2.1053136306176716,2.206824820748871,-0.04821665933992814,0.36340229549902653,0.3602932291334693,-0.008555439533720758
249,2022,OCT,22255,47325,1060091844,804805365,17005.924247226623,47633.873017299484,17366.50457575883,47788.648533193846,-0.021203218554323017,-0.003249274226308474,2.1264884295663897,2.1053136306176716,0.009957636568488562,0.3570132590530793,0.36340229549902653,0.017895795979379417
250,2022,NOV,21117,43345,993531237,734729853,16950.740639058717,47048.88180139224,17005.924247226623,47633.873017299484,-0.0032555278464204626,-0.012433690100790668,2.0526116399109724,2.1264884295663897,-0.03599160611727875,0.36027935181569226,0.3570132590530793,-0.00906544531667694
251,2022,DEC,23025,40906,1120587035,718545405,17565.770424876548,48668.27513572204,16950.740639058717,47048.88180139224,0.035012969596074715,0.0332741057663081,1.7765906623235614,2.0526116399109724,-0.15536554561556096,0.3609285592285855,0.36027935181569226,-0.0017987144444341408
252,2023,JAN,21037,45543,992034915,762502754,16742.47972246009,47156.67229167657,17565.770424876548,48668.27513572204,-0.04917376135818214,-0.032054909105880124,2.1648999382041167,1.7765906623235614,0.17936592312098987,0.35503946544199294,0.3609285592285855,0.016587152583899867
253,2023,FEB,20893,44320,960384917,712901541,16085.323578519856,45966.82702340497,16742.47972246009,47156.67229167657,-0.04085439380391415,-0.02588486840011313,2.121284640788781,2.1648999382041167,-0.020560794424607683,0.349933302342789,0.35503946544199294,0.014591818112247015
